{"cameraMode":{"drawMode":0,"name":"Shaded","section":"Shading Mode"},"sceneLighting":true,"audioPlay":false,"sceneViewState":{"showFog":true,"showMaterialUpdate":false,"showSkybox":true,"showFlares":true,"showImageEffects":true,"showParticleSystems":true},"in2DMode":false,"pivot":{"x":-15.765419006347657,"y":-46.94753646850586,"z":-67.50068664550781},"rotation":{"x":-0.03444956615567207,"y":0.9523618221282959,"z":-0.27933844923973086,"w":-0.11744357645511627},"size":96.83805084228516,"orthographic":false}